id,tx,ty,tz,qw,qx,qy,qz,fx,fy,cx,cy
0,2.595057,-2.231426,-0.793914,-0.204152,-0.012462,-0.977042,0.059620,1414.141602,1414.141602,480,270
1,2.595271,-2.229599,-0.786143,-0.203167,-0.012416,-0.977243,0.059702,1414.141602,1414.141602,480,270
2,2.595904,-2.224298,-0.763618,-0.200294,-0.012282,-0.977823,0.059940,1414.141602,1414.141602,480,270
3,2.596940,-2.215801,-0.727518,-0.195652,-0.012063,-0.978742,0.060322,1414.141602,1414.141602,480,270
4,2.598362,-2.204381,-0.679024,-0.189357,-0.011760,-0.979951,0.060834,1414.141602,1414.141602,480,270
5,2.600156,-2.190313,-0.619317,-0.181527,-0.011373,-0.981397,0.061464,1414.141602,1414.141602,480,270
6,2.602304,-2.173872,-0.549576,-0.172279,-0.010905,-0.983022,0.062198,1414.141602,1414.141602,480,270
7,2.604792,-2.155333,-0.470983,-0.161729,-0.010354,-0.984766,0.063021,1414.141602,1414.141602,480,270
8,2.607604,-2.134971,-0.384717,-0.149997,-0.009723,-0.986570,0.063921,1414.141602,1414.141602,480,270
9,2.610723,-2.113061,-0.291960,-0.137199,-0.009011,-0.988375,0.064883,1414.141602,1414.141602,480,270
10,2.614135,-2.089877,-0.193890,-0.123457,-0.008220,-0.990126,0.065893,1414.141602,1414.141602,480,270
11,2.617822,-2.065695,-0.091689,-0.108892,-0.007354,-0.991770,0.066936,1414.141602,1414.141602,480,270
12,2.621770,-2.040789,0.013462,-0.093629,-0.006414,-0.993262,0.068000,1414.141602,1414.141602,480,270
13,2.625962,-2.015434,0.120385,-0.077791,-0.005407,-0.994560,0.069069,1414.141602,1414.141602,480,270
14,2.630383,-1.989905,0.227897,-0.061504,-0.004337,-0.995630,0.070131,1414.141602,1414.141602,480,270
15,2.635017,-1.964476,0.334819,-0.044897,-0.003211,-0.996448,0.071171,1414.141602,1414.141602,480,270
16,2.639848,-1.939423,0.439971,-0.028098,-0.002039,-0.996994,0.072177,1414.141602,1414.141602,480,270
17,2.644861,-1.915021,0.542172,-0.011236,-0.000828,-0.997258,0.073137,1414.141602,1414.141602,480,270
18,2.650039,-1.891544,0.640241,0.005561,0.000408,-0.997240,0.074038,1414.141602,1414.141602,480,270
19,2.655366,-1.869267,0.732999,0.022163,0.001660,-0.996946,0.074870,1414.141602,1414.141602,480,270
20,2.660827,-1.848466,0.819265,0.038441,0.002913,-0.996391,0.075621,1414.141602,1414.141602,480,270
21,2.666407,-1.829414,0.897858,0.054269,0.004154,-0.995600,0.076284,1414.141602,1414.141602,480,270
22,2.672088,-1.812387,0.967598,0.069518,0.005367,-0.994602,0.076847,1414.141602,1414.141602,480,270
23,2.677856,-1.797659,1.027306,0.084063,0.006537,-0.993436,0.077305,1414.141602,1414.141602,480,270
24,2.683695,-1.785506,1.075799,0.097781,0.007648,-0.992145,0.077649,1414.141602,1414.141602,480,270
25,2.689588,-1.776202,1.111899,0.110548,0.008684,-0.990777,0.077872,1414.141602,1414.141602,480,270
26,2.695521,-1.770023,1.134425,0.122243,0.009629,-0.989386,0.077969,1414.141602,1414.141602,480,270
27,2.701476,-1.767242,1.142195,0.132747,0.010466,-0.988026,0.077932,1414.141602,1414.141602,480,270
28,2.708495,-1.766274,1.140627,0.142691,0.011245,-0.986642,0.077787,1414.141602,1414.141602,480,270
29,2.717597,-1.765348,1.135964,0.152780,0.012024,-0.985139,0.077562,1414.141602,1414.141602,480,270
30,2.728734,-1.764463,1.128274,0.163007,0.012800,-0.983512,0.077258,1414.141602,1414.141602,480,270
31,2.741858,-1.763620,1.117622,0.173364,0.013571,-0.981759,0.076877,1414.141602,1414.141602,480,270
32,2.756921,-1.762815,1.104074,0.183844,0.014333,-0.979875,0.076420,1414.141602,1414.141602,480,270
33,2.773876,-1.762050,1.087696,0.194440,0.015085,-0.977858,0.075889,1414.141602,1414.141602,480,270
34,2.792676,-1.761323,1.068553,0.205142,0.015824,-0.975704,0.075285,1414.141602,1414.141602,480,270
35,2.813271,-1.760633,1.046712,0.215944,0.016547,-0.973410,0.074611,1414.141602,1414.141602,480,270
36,2.835615,-1.759979,1.022237,0.226838,0.017252,-0.970974,0.073867,1414.141602,1414.141602,480,270
37,2.859660,-1.759361,0.995196,0.237815,0.017936,-0.968393,0.073056,1414.141602,1414.141602,480,270
38,2.885359,-1.758777,0.965654,0.248867,0.018597,-0.965665,0.072180,1414.141602,1414.141602,480,270
39,2.912662,-1.758228,0.933677,0.259987,0.019233,-0.962788,0.071240,1414.141602,1414.141602,480,270
40,2.941523,-1.757711,0.899330,0.271167,0.019840,-0.959761,0.070239,1414.141602,1414.141602,480,270
41,2.971895,-1.757227,0.862679,0.282398,0.020418,-0.956582,0.069178,1414.141602,1414.141602,480,270
42,3.003728,-1.756774,0.823791,0.293672,0.020963,-0.953250,0.068061,1414.141602,1414.141602,480,270
43,3.036977,-1.756351,0.782731,0.304981,0.021474,-0.949764,0.066888,1414.141602,1414.141602,480,270
44,3.071591,-1.755958,0.739565,0.316317,0.021948,-0.946124,0.065663,1414.141602,1414.141602,480,270
45,3.107526,-1.755594,0.694358,0.327673,0.022384,-0.942329,0.064388,1414.141602,1414.141602,480,270
46,3.144731,-1.755258,0.647177,0.339039,0.022780,-0.938380,0.063064,1414.141602,1414.141602,480,270
47,3.183160,-1.754948,0.598088,0.350409,0.023134,-0.934276,0.061695,1414.141602,1414.141602,480,270
48,3.222765,-1.754666,0.547156,0.361773,0.023445,-0.930020,0.060283,1414.141602,1414.141602,480,270
49,3.263499,-1.754408,0.494447,0.373125,0.023710,-0.925610,0.058830,1414.141602,1414.141602,480,270
50,3.305312,-1.754176,0.440026,0.384457,0.023929,-0.921050,0.057338,1414.141602,1414.141602,480,270
51,3.348159,-1.753967,0.383961,0.395760,0.024099,-0.916340,0.055811,1414.141602,1414.141602,480,270
52,3.391991,-1.753781,0.326316,0.407027,0.024221,-0.911482,0.054251,1414.141602,1414.141602,480,270
53,3.436760,-1.753617,0.267158,0.418250,0.024292,-0.906479,0.052661,1414.141602,1414.141602,480,270
54,3.482419,-1.753474,0.206551,0.429422,0.024313,-0.901332,0.051042,1414.141602,1414.141602,480,270
55,3.528919,-1.753352,0.144563,0.440536,0.024281,-0.896046,0.049398,1414.141602,1414.141602,480,270
56,3.576214,-1.753249,0.081259,0.451584,0.024196,-0.890622,0.047731,1414.141602,1414.141602,480,270
57,3.624255,-1.753165,0.016704,0.462560,0.024058,-0.885065,0.046043,1414.141602,1414.141602,480,270
58,3.672995,-1.753099,-0.049034,0.473455,0.023866,-0.879377,0.044339,1414.141602,1414.141602,480,270
59,3.722386,-1.753050,-0.115892,0.484264,0.023620,-0.873564,0.042618,1414.141602,1414.141602,480,270
60,3.772380,-1.753018,-0.183802,0.494980,0.023320,-0.867629,0.040886,1414.141602,1414.141602,480,270
61,3.822930,-1.753000,-0.252699,0.505596,0.022965,-0.861576,0.039143,1414.141602,1414.141602,480,270
62,3.873987,-1.752997,-0.322517,0.516106,0.022555,-0.855411,0.037392,1414.141602,1414.141602,480,270
63,3.925505,-1.753008,-0.393191,0.526503,0.022091,-0.849139,0.035637,1414.141602,1414.141602,480,270
64,3.977436,-1.753032,-0.464654,0.536782,0.021572,-0.842764,0.033878,1414.141602,1414.141602,480,270
65,4.029730,-1.753068,-0.536840,0.546938,0.021000,-0.836293,0.032119,1414.141602,1414.141602,480,270
66,4.082343,-1.753114,-0.609684,0.556964,0.020375,-0.829732,0.030362,1414.141602,1414.141602,480,270
67,4.135223,-1.753172,-0.683120,0.566854,0.019697,-0.823085,0.028609,1414.141602,1414.141602,480,270
68,4.188326,-1.753238,-0.757082,0.576605,0.018967,-0.816361,0.026862,1414.141602,1414.141602,480,270
69,4.241602,-1.753314,-0.831505,0.586211,0.018186,-0.809565,0.025123,1414.141602,1414.141602,480,270
70,4.295005,-1.753397,-0.906321,0.595667,0.017355,-0.802703,0.023395,1414.141602,1414.141602,480,270
71,4.348485,-1.753487,-0.981467,0.604969,0.016475,-0.795784,0.021679,1414.141602,1414.141602,480,270
72,4.401997,-1.753584,-1.056875,0.614112,0.015547,-0.788813,0.019977,1414.141602,1414.141602,480,270
73,4.455491,-1.753686,-1.132480,0.623092,0.014572,-0.781799,0.018291,1414.141602,1414.141602,480,270
74,4.508921,-1.753792,-1.208216,0.631906,0.013552,-0.774748,0.016623,1414.141602,1414.141602,480,270
75,4.562238,-1.753901,-1.284017,0.640550,0.012488,-0.767669,0.014974,1414.141602,1414.141602,480,270
76,4.615395,-1.754014,-1.359818,0.649021,0.011382,-0.760568,0.013346,1414.141602,1414.141602,480,270
77,4.668344,-1.754128,-1.435552,0.657315,0.010236,-0.753455,0.011740,1414.141602,1414.141602,480,270
78,4.721037,-1.754244,-1.511154,0.665430,0.009050,-0.746336,0.010158,1414.141602,1414.141602,480,270
79,4.773427,-1.754360,-1.586558,0.673363,0.007828,-0.739221,0.008600,1414.141602,1414.141602,480,270
80,4.825466,-1.754475,-1.661698,0.681111,0.006570,-0.732117,0.007069,1414.141602,1414.141602,480,270
81,4.877106,-1.754589,-1.736508,0.688672,0.005278,-0.725033,0.005564,1414.141602,1414.141602,480,270
82,4.928298,-1.754701,-1.810923,0.696045,0.003955,-0.717976,0.004087,1414.141602,1414.141602,480,270
83,4.978998,-1.754809,-1.884876,0.703226,0.002603,-0.710956,0.002639,1414.141602,1414.141602,480,270
84,5.029155,-1.754914,-1.958302,0.710216,0.001224,-0.703982,0.001220,1414.141602,1414.141602,480,270
85,5.078722,-1.755014,-2.031135,0.717012,-0.000181,-0.697061,-0.000169,1414.141602,1414.141602,480,270
86,5.127651,-1.755108,-2.103308,0.723613,-0.001608,-0.690203,-0.001527,1414.141602,1414.141602,480,270
87,5.175896,-1.755196,-2.174757,0.730018,-0.003057,-0.683415,-0.002855,1414.141602,1414.141602,480,270
88,5.223407,-1.755276,-2.245416,0.736226,-0.004524,-0.676708,-0.004151,1414.141602,1414.141602,480,270
89,5.270139,-1.755349,-2.315218,0.742237,-0.006007,-0.670089,-0.005416,1414.141602,1414.141602,480,270
90,5.316042,-1.755412,-2.384097,0.748050,-0.007504,-0.663567,-0.006650,1414.141602,1414.141602,480,270
91,5.361068,-1.755466,-2.451988,0.753664,-0.009012,-0.657151,-0.007852,1414.141602,1414.141602,480,270
92,5.405171,-1.755509,-2.518826,0.759080,-0.010530,-0.650850,-0.009022,1414.141602,1414.141602,480,270
93,5.448302,-1.755540,-2.584545,0.764296,-0.012055,-0.644672,-0.010162,1414.141602,1414.141602,480,270
94,5.490414,-1.755560,-2.649077,0.769314,-0.013584,-0.638627,-0.011270,1414.141602,1414.141602,480,270
95,5.531459,-1.755566,-2.712358,0.774134,-0.015116,-0.632721,-0.012348,1414.141602,1414.141602,480,270
96,5.571390,-1.755558,-2.774322,0.778754,-0.016647,-0.626965,-0.013396,1414.141602,1414.141602,480,270
97,5.610157,-1.755535,-2.834901,0.783177,-0.018176,-0.621366,-0.014414,1414.141602,1414.141602,480,270
98,5.647716,-1.755496,-2.894032,0.787401,-0.019699,-0.615934,-0.015403,1414.141602,1414.141602,480,270
99,5.684015,-1.755441,-2.951649,0.791427,-0.021215,-0.610676,-0.016363,1414.141602,1414.141602,480,270
100,5.719010,-1.755369,-3.007685,0.795257,-0.022722,-0.605600,-0.017296,1414.141602,1414.141602,480,270
101,5.752653,-1.755278,-3.062075,0.798889,-0.024216,-0.600715,-0.018202,1414.141602,1414.141602,480,270
102,5.784893,-1.755169,-3.114753,0.802324,-0.025696,-0.596029,-0.019082,1414.141602,1414.141602,480,270
103,5.815683,-1.755039,-3.165653,0.805564,-0.027158,-0.591551,-0.019937,1414.141602,1414.141602,480,270
104,5.844979,-1.754889,-3.214708,0.808607,-0.028602,-0.587286,-0.020767,1414.141602,1414.141602,480,270
105,5.872730,-1.754717,-3.261852,0.811455,-0.030024,-0.583245,-0.021574,1414.141602,1414.141602,480,270
106,5.898889,-1.754523,-3.307022,0.814107,-0.031423,-0.579433,-0.022358,1414.141602,1414.141602,480,270
107,5.923408,-1.754306,-3.350151,0.816563,-0.032795,-0.575859,-0.023121,1414.141602,1414.141602,480,270
108,5.946241,-1.754064,-3.391172,0.818825,-0.034139,-0.572531,-0.023864,1414.141602,1414.141602,480,270
109,5.967338,-1.753798,-3.430020,0.820890,-0.035453,-0.569454,-0.024587,1414.141602,1414.141602,480,270
110,5.986652,-1.753506,-3.466629,0.822760,-0.036733,-0.566637,-0.025292,1414.141602,1414.141602,480,270
111,6.004136,-1.753187,-3.500933,0.824433,-0.037979,-0.564086,-0.025979,1414.141602,1414.141602,480,270
112,6.019742,-1.752841,-3.532867,0.825909,-0.039187,-0.561809,-0.026650,1414.141602,1414.141602,480,270
113,6.033422,-1.752467,-3.562364,0.827187,-0.040357,-0.559811,-0.027306,1414.141602,1414.141602,480,270
114,6.045127,-1.752063,-3.589359,0.828265,-0.041484,-0.558099,-0.027947,1414.141602,1414.141602,480,270
115,6.054812,-1.751629,-3.613786,0.829144,-0.042569,-0.556679,-0.028574,1414.141602,1414.141602,480,270
116,6.062428,-1.751165,-3.635579,0.829820,-0.043607,-0.555558,-0.029188,1414.141602,1414.141602,480,270
117,6.067927,-1.750669,-3.654672,0.830292,-0.044598,-0.554742,-0.029791,1414.141602,1414.141602,480,270
118,6.071261,-1.750141,-3.670999,0.830558,-0.045540,-0.554235,-0.030382,1414.141602,1414.141602,480,270
119,6.072383,-1.749579,-3.684495,0.830615,-0.046429,-0.554043,-0.030963,1414.141602,1414.141602,480,270
120,6.071423,-1.748963,-3.696189,0.830490,-0.047276,-0.554128,-0.031538,1414.141602,1414.141602,480,270
121,6.068573,-1.748273,-3.707170,0.830211,-0.048090,-0.554442,-0.032110,1414.141602,1414.141602,480,270
122,6.063880,-1.747512,-3.717463,0.829782,-0.048872,-0.554982,-0.032680,1414.141602,1414.141602,480,270
123,6.057387,-1.746684,-3.727091,0.829206,-0.049621,-0.555742,-0.033250,1414.141602,1414.141602,480,270
124,6.049141,-1.745790,-3.736079,0.828486,-0.050337,-0.556717,-0.033819,1414.141602,1414.141602,480,270
125,6.039187,-1.744835,-3.744450,0.827623,-0.051022,-0.557901,-0.034387,1414.141602,1414.141602,480,270
126,6.027571,-1.743819,-3.752228,0.826621,-0.051674,-0.559290,-0.034956,1414.141602,1414.141602,480,270
127,6.014338,-1.742748,-3.759440,0.825481,-0.052294,-0.560878,-0.035525,1414.141602,1414.141602,480,270
128,5.999532,-1.741622,-3.766107,0.824206,-0.052882,-0.562659,-0.036095,1414.141602,1414.141602,480,270
129,5.983201,-1.740445,-3.772254,0.822798,-0.053439,-0.564627,-0.036665,1414.141602,1414.141602,480,270
130,5.965389,-1.739220,-3.777906,0.821257,-0.053965,-0.566778,-0.037237,1414.141602,1414.141602,480,270
131,5.946141,-1.737950,-3.783086,0.819588,-0.054459,-0.569105,-0.037809,1414.141602,1414.141602,480,270
132,5.925503,-1.736637,-3.787818,0.817790,-0.054923,-0.571603,-0.038383,1414.141602,1414.141602,480,270
133,5.903522,-1.735285,-3.792127,0.815866,-0.055356,-0.574265,-0.038957,1414.141602,1414.141602,480,270
134,5.880240,-1.733895,-3.796036,0.813818,-0.055759,-0.577086,-0.039533,1414.141602,1414.141602,480,270
135,5.855705,-1.732472,-3.799571,0.811647,-0.056132,-0.580060,-0.040109,1414.141602,1414.141602,480,270
136,5.829962,-1.731017,-3.802754,0.809354,-0.056475,-0.583181,-0.040687,1414.141602,1414.141602,480,270
137,5.803056,-1.729533,-3.805611,0.806942,-0.056790,-0.586444,-0.041265,1414.141602,1414.141602,480,270
138,5.775033,-1.728024,-3.808164,0.804412,-0.057075,-0.589841,-0.041844,1414.141602,1414.141602,480,270
139,5.745937,-1.726492,-3.810439,0.801766,-0.057332,-0.593367,-0.042423,1414.141602,1414.141602,480,270
140,5.715815,-1.724940,-3.812459,0.799005,-0.057560,-0.597017,-0.043002,1414.141602,1414.141602,480,270
141,5.684712,-1.723371,-3.814249,0.796131,-0.057761,-0.600783,-0.043582,1414.141602,1414.141602,480,270
142,5.652673,-1.721787,-3.815832,0.793145,-0.057935,-0.604660,-0.044161,1414.141602,1414.141602,480,270
143,5.619745,-1.720192,-3.817233,0.790050,-0.058082,-0.608643,-0.044739,1414.141602,1414.141602,480,270
144,5.585971,-1.718587,-3.818475,0.786847,-0.058203,-0.612724,-0.045316,1414.141602,1414.141602,480,270
145,5.551398,-1.716977,-3.819584,0.783537,-0.058298,-0.616899,-0.045892,1414.141602,1414.141602,480,270
146,5.516070,-1.715364,-3.820583,0.780124,-0.058367,-0.621161,-0.046467,1414.141602,1414.141602,480,270
147,5.480035,-1.713750,-3.821496,0.776608,-0.058412,-0.625504,-0.047040,1414.141602,1414.141602,480,270
148,5.443336,-1.712139,-3.822346,0.772992,-0.058432,-0.629922,-0.047610,1414.141602,1414.141602,480,270
149,5.406019,-1.710533,-3.823160,0.769279,-0.058429,-0.634410,-0.048178,1414.141602,1414.141602,480,270
150,5.368130,-1.708935,-3.823959,0.765469,-0.058402,-0.638961,-0.048743,1414.141602,1414.141602,480,270
151,5.329714,-1.707348,-3.824770,0.761566,-0.058353,-0.643570,-0.049304,1414.141602,1414.141602,480,270
152,5.290817,-1.705775,-3.825614,0.757571,-0.058281,-0.648231,-0.049862,1414.141602,1414.141602,480,270
153,5.251483,-1.704218,-3.826518,0.753488,-0.058188,-0.652938,-0.050416,1414.141602,1414.141602,480,270
154,5.211760,-1.702681,-3.827505,0.749318,-0.058074,-0.657687,-0.050965,1414.141602,1414.141602,480,270
155,5.171691,-1.701166,-3.828598,0.745066,-0.057940,-0.662470,-0.051510,1414.141602,1414.141602,480,270
156,5.131322,-1.699675,-3.829823,0.740732,-0.057786,-0.667284,-0.052049,1414.141602,1414.141602,480,270
157,5.090699,-1.698213,-3.831203,0.736321,-0.057613,-0.672121,-0.052583,1414.141602,1414.141602,480,270
158,5.049867,-1.696781,-3.832762,0.731835,-0.057422,-0.676978,-0.053111,1414.141602,1414.141602,480,270
159,5.008872,-1.695382,-3.834525,0.727278,-0.057214,-0.681849,-0.053632,1414.141602,1414.141602,480,270
160,4.967759,-1.694020,-3.836515,0.722652,-0.056988,-0.686728,-0.054147,1414.141602,1414.141602,480,270
161,4.926572,-1.692696,-3.838757,0.717961,-0.056746,-0.691610,-0.054655,1414.141602,1414.141602,480,270
162,4.885360,-1.691415,-3.841275,0.713209,-0.056488,-0.696492,-0.055156,1414.141602,1414.141602,480,270
163,4.844164,-1.690178,-3.844092,0.708398,-0.056215,-0.701366,-0.055650,1414.141602,1414.141602,480,270
164,4.803033,-1.688989,-3.847234,0.703534,-0.055929,-0.706230,-0.056135,1414.141602,1414.141602,480,270
165,4.762012,-1.687850,-3.850724,0.698619,-0.055629,-0.711078,-0.056613,1414.141602,1414.141602,480,270
166,4.721144,-1.686764,-3.854585,0.693657,-0.055316,-0.715906,-0.057082,1414.141602,1414.141602,480,270
167,4.680476,-1.685734,-3.858843,0.688654,-0.054991,-0.720709,-0.057542,1414.141602,1414.141602,480,270
168,4.640054,-1.684762,-3.863522,0.683612,-0.054655,-0.725482,-0.057994,1414.141602,1414.141602,480,270
169,4.599922,-1.683853,-3.868645,0.678536,-0.054308,-0.730222,-0.058437,1414.141602,1414.141602,480,270
170,4.560127,-1.683007,-3.874236,0.673431,-0.053952,-0.734925,-0.058870,1414.141602,1414.141602,480,270
171,4.520713,-1.682229,-3.880321,0.668301,-0.053587,-0.739586,-0.059294,1414.141602,1414.141602,480,270
172,4.481727,-1.681521,-3.886922,0.663150,-0.053213,-0.744201,-0.059709,1414.141602,1414.141602,480,270
173,4.443213,-1.680885,-3.894064,0.657983,-0.052832,-0.748767,-0.060113,1414.141602,1414.141602,480,270
174,4.405217,-1.680325,-3.901772,0.652806,-0.052445,-0.753281,-0.060508,1414.141602,1414.141602,480,270
175,4.367785,-1.679844,-3.910068,0.647623,-0.052051,-0.757738,-0.060893,1414.141602,1414.141602,480,270
176,4.330961,-1.679443,-3.918978,0.642439,-0.051653,-0.762135,-0.061268,1414.141602,1414.141602,480,270
177,4.294791,-1.679127,-3.928525,0.637259,-0.051250,-0.766469,-0.061632,1414.141602,1414.141602,480,270
178,4.259321,-1.678898,-3.938734,0.632089,-0.050843,-0.770737,-0.061987,1414.141602,1414.141602,480,270
179,4.224597,-1.678758,-3.949628,0.626933,-0.050434,-0.774936,-0.062331,1414.141602,1414.141602,480,270
180,4.190662,-1.678711,-3.961232,0.621797,-0.050023,-0.779063,-0.062665,1414.141602,1414.141602,480,270
181,4.156454,-1.678843,-3.973490,0.616524,-0.049495,-0.783259,-0.062871,1414.141602,1414.141602,480,270
182,4.120921,-1.679235,-3.986320,0.610958,-0.048745,-0.787659,-0.062834,1414.141602,1414.141602,480,270
183,4.084129,-1.679879,-3.999704,0.605105,-0.047786,-0.792245,-0.062556,1414.141602,1414.141602,480,270
184,4.046142,-1.680768,-4.013625,0.598972,-0.046632,-0.797000,-0.062040,1414.141602,1414.141602,480,270
185,4.007025,-1.681893,-4.028067,0.592568,-0.045297,-0.801907,-0.061289,1414.141602,1414.141602,480,270
186,3.966844,-1.683247,-4.043013,0.585898,-0.043794,-0.806950,-0.060307,1414.141602,1414.141602,480,270
187,3.925663,-1.684824,-4.058446,0.578970,-0.042138,-0.812112,-0.059096,1414.141602,1414.141602,480,270
188,3.883546,-1.686614,-4.074350,0.571793,-0.040343,-0.817374,-0.057661,1414.141602,1414.141602,480,270
189,3.840560,-1.688611,-4.090707,0.564373,-0.038424,-0.822721,-0.056003,1414.141602,1414.141602,480,270
190,3.796768,-1.690807,-4.107501,0.556720,-0.036395,-0.828135,-0.054128,1414.141602,1414.141602,480,270
191,3.752237,-1.693195,-4.124715,0.548842,-0.034269,-0.833601,-0.052039,1414.141602,1414.141602,480,270
192,3.707030,-1.695767,-4.142332,0.540748,-0.032062,-0.839100,-0.049741,1414.141602,1414.141602,480,270
193,3.661213,-1.698514,-4.160335,0.532448,-0.029786,-0.844619,-0.047239,1414.141602,1414.141602,480,270
194,3.614851,-1.701431,-4.178708,0.523951,-0.027456,-0.850140,-0.044539,1414.141602,1414.141602,480,270
195,3.568008,-1.704509,-4.197433,0.515269,-0.025085,-0.855649,-0.041645,1414.141602,1414.141602,480,270
196,3.520750,-1.707740,-4.216494,0.506412,-0.022686,-0.861130,-0.038565,1414.141602,1414.141602,480,270
197,3.473142,-1.711118,-4.235875,0.497393,-0.020271,-0.866570,-0.035305,1414.141602,1414.141602,480,270
198,3.425248,-1.714633,-4.255557,0.488223,-0.017852,-0.871954,-0.031872,1414.141602,1414.141602,480,270
199,3.377133,-1.718280,-4.275525,0.478916,-0.015442,-0.877270,-0.028275,1414.141602,1414.141602,480,270
200,3.328863,-1.722051,-4.295761,0.469484,-0.013051,-0.882504,-0.024521,1414.141602,1414.141602,480,270
201,3.280502,-1.725937,-4.316249,0.459941,-0.010691,-0.887646,-0.020620,1414.141602,1414.141602,480,270
202,3.232116,-1.729931,-4.336973,0.450302,-0.008370,-0.892683,-0.016580,1414.141602,1414.141602,480,270
203,3.183768,-1.734025,-4.357914,0.440582,-0.006099,-0.897606,-0.012412,1414.141602,1414.141602,480,270
204,3.135525,-1.738213,-4.379057,0.430796,-0.003885,-0.902404,-0.008125,1414.141602,1414.141602,480,270
205,3.087451,-1.742487,-4.400385,0.420960,-0.001738,-0.907070,-0.003731,1414.141602,1414.141602,480,270
206,3.039611,-1.746838,-4.421880,0.411090,0.000336,-0.911594,0.000760,1414.141602,1414.141602,480,270
207,2.992069,-1.751260,-4.443526,0.401204,0.002331,-0.915970,0.005336,1414.141602,1414.141602,480,270
208,2.944892,-1.755744,-4.465306,0.391317,0.004240,-0.920192,0.009985,1414.141602,1414.141602,480,270
209,2.898143,-1.760284,-4.487204,0.381447,0.006059,-0.924254,0.014696,1414.141602,1414.141602,480,270
210,2.851889,-1.764871,-4.509202,0.371613,0.007783,-0.928151,0.019455,1414.141602,1414.141602,480,270
211,2.806193,-1.769499,-4.531284,0.361832,0.009410,-0.931881,0.024251,1414.141602,1414.141602,480,270
212,2.761121,-1.774159,-4.553432,0.352122,0.010936,-0.935439,0.029069,1414.141602,1414.141602,480,270
213,2.716737,-1.778844,-4.575631,0.342502,0.012361,-0.938824,0.033898,1414.141602,1414.141602,480,270
214,2.673107,-1.783546,-4.597863,0.332990,0.013682,-0.942035,0.038724,1414.141602,1414.141602,480,270
215,2.630295,-1.788258,-4.620111,0.323605,0.014900,-0.945073,0.043532,1414.141602,1414.141602,480,270
216,2.588367,-1.792972,-4.642360,0.314367,0.016015,-0.947936,0.048311,1414.141602,1414.141602,480,270
217,2.547387,-1.797681,-4.664590,0.305292,0.017030,-0.950628,0.053046,1414.141602,1414.141602,480,270
218,2.507421,-1.802377,-4.686787,0.296402,0.017945,-0.953148,0.057724,1414.141602,1414.141602,480,270
219,2.468533,-1.807053,-4.708934,0.287714,0.018763,-0.955502,0.062332,1414.141602,1414.141602,480,270
220,2.430788,-1.811701,-4.731012,0.279247,0.019488,-0.957691,0.066855,1414.141602,1414.141602,480,270
221,2.394251,-1.816313,-4.753006,0.271020,0.020123,-0.959720,0.071281,1414.141602,1414.141602,480,270
222,2.358987,-1.820881,-4.774899,0.263052,0.020674,-0.961593,0.075595,1414.141602,1414.141602,480,270
223,2.325062,-1.825399,-4.796674,0.255361,0.021144,-0.963316,0.079786,1414.141602,1414.141602,480,270
224,2.292539,-1.829859,-4.818315,0.247965,0.021539,-0.964894,0.083839,1414.141602,1414.141602,480,270
225,2.261484,-1.834253,-4.839803,0.240884,0.021866,-0.966332,0.087741,1414.141602,1414.141602,480,270
226,2.231962,-1.838574,-4.861123,0.234134,0.022129,-0.967638,0.091480,1414.141602,1414.141602,480,270
227,2.204038,-1.842813,-4.882257,0.227735,0.022335,-0.968816,0.095043,1414.141602,1414.141602,480,270
228,2.177777,-1.846964,-4.903190,0.221703,0.022491,-0.969874,0.098417,1414.141602,1414.141602,480,270
229,2.153244,-1.851018,-4.923903,0.216056,0.022603,-0.970818,0.101589,1414.141602,1414.141602,480,270
230,2.130503,-1.854969,-4.944382,0.210812,0.022677,-0.971655,0.104548,1414.141602,1414.141602,480,270
231,2.109619,-1.858809,-4.964607,0.205988,0.022720,-0.972390,0.107282,1414.141602,1414.141602,480,270
232,2.090658,-1.862530,-4.984563,0.201602,0.022739,-0.973031,0.109777,1414.141602,1414.141602,480,270
233,2.073685,-1.866124,-5.004233,0.197669,0.022738,-0.973581,0.112022,1414.141602,1414.141602,480,270
234,2.058764,-1.869585,-5.023601,0.194208,0.022725,-0.974048,0.114006,1414.141602,1414.141602,480,270
235,2.045961,-1.872903,-5.042647,0.191234,0.022703,-0.974435,0.115716,1414.141602,1414.141602,480,270
236,2.035339,-1.876073,-5.061358,0.188764,0.022679,-0.974747,0.117141,1414.141602,1414.141602,480,270
237,2.026965,-1.879086,-5.079715,0.186815,0.022655,-0.974987,0.118270,1414.141602,1414.141602,480,270
238,2.020903,-1.881935,-5.097703,0.185402,0.022636,-0.975157,0.119090,1414.141602,1414.141602,480,270
239,2.017219,-1.884611,-5.115303,0.184543,0.022624,-0.975259,0.119590,1414.141602,1414.141602,480,270
240,2.015976,-1.887109,-5.132499,0.184253,0.022619,-0.975293,0.119760,1414.141602,1414.141602,480,270
241,2.016208,-1.889517,-5.149553,0.184463,0.022635,-0.975260,0.119702,1414.141602,1414.141602,480,270
242,2.016898,-1.891930,-5.166735,0.185086,0.022681,-0.975162,0.119532,1414.141602,1414.141602,480,270
243,2.018036,-1.894348,-5.184036,0.186117,0.022758,-0.974998,0.119250,1414.141602,1414.141602,480,270
244,2.019610,-1.896769,-5.201454,0.187549,0.022863,-0.974769,0.118858,1414.141602,1414.141602,480,270
245,2.021611,-1.899194,-5.218981,0.189374,0.022995,-0.974474,0.118360,1414.141602,1414.141602,480,270
246,2.024028,-1.901621,-5.236612,0.191586,0.023154,-0.974111,0.117755,1414.141602,1414.141602,480,270
247,2.026850,-1.904050,-5.254342,0.194176,0.023336,-0.973679,0.117048,1414.141602,1414.141602,480,270
248,2.030068,-1.906479,-5.272164,0.197139,0.023541,-0.973175,0.116239,1414.141602,1414.141602,480,270
249,2.033670,-1.908908,-5.290074,0.200467,0.023765,-0.972598,0.115331,1414.141602,1414.141602,480,270
250,2.037648,-1.911337,-5.308065,0.204152,0.024007,-0.971944,0.114325,1414.141602,1414.141602,480,270
251,2.041989,-1.913765,-5.326132,0.208187,0.024264,-0.971211,0.113223,1414.141602,1414.141602,480,270
252,2.046684,-1.916191,-5.344269,0.212564,0.024534,-0.970394,0.112029,1414.141602,1414.141602,480,270
253,2.051722,-1.918614,-5.362471,0.217277,0.024813,-0.969490,0.110742,1414.141602,1414.141602,480,270
254,2.057093,-1.921033,-5.380731,0.222316,0.025099,-0.968496,0.109367,1414.141602,1414.141602,480,270
255,2.062787,-1.923449,-5.399044,0.227675,0.025389,-0.967407,0.107904,1414.141602,1414.141602,480,270
256,2.068792,-1.925859,-5.417405,0.233345,0.025679,-0.966219,0.106356,1414.141602,1414.141602,480,270
257,2.075100,-1.928264,-5.435807,0.239318,0.025967,-0.964928,0.104725,1414.141602,1414.141602,480,270
258,2.081698,-1.930662,-5.454246,0.245586,0.026250,-0.963528,0.103013,1414.141602,1414.141602,480,270
259,2.088578,-1.933053,-5.472715,0.252142,0.026524,-0.962016,0.101223,1414.141602,1414.141602,480,270
260,2.095727,-1.935437,-5.491210,0.258976,0.026786,-0.960386,0.099357,1414.141602,1414.141602,480,270
261,2.103137,-1.937811,-5.509723,0.266081,0.027033,-0.958634,0.097417,1414.141602,1414.141602,480,270
262,2.110797,-1.940177,-5.528249,0.273447,0.027262,-0.956756,0.095407,1414.141602,1414.141602,480,270
263,2.118696,-1.942533,-5.546783,0.281066,0.027468,-0.954745,0.093327,1414.141602,1414.141602,480,270
264,2.126823,-1.944877,-5.565320,0.288929,0.027650,-0.952597,0.091182,1414.141602,1414.141602,480,270
265,2.135170,-1.947211,-5.583853,0.297027,0.027803,-0.950308,0.088974,1414.141602,1414.141602,480,270
266,2.143724,-1.949532,-5.602377,0.305351,0.027925,-0.947873,0.086705,1414.141602,1414.141602,480,270
267,2.152476,-1.951840,-5.620886,0.313893,0.028012,-0.945287,0.084378,1414.141602,1414.141602,480,270
268,2.161415,-1.954135,-5.639375,0.322642,0.028062,-0.942545,0.081997,1414.141602,1414.141602,480,270
269,2.170531,-1.956415,-5.657837,0.331589,0.028071,-0.939644,0.079564,1414.141602,1414.141602,480,270
270,2.179813,-1.958680,-5.676267,0.340725,0.028036,-0.936578,0.077083,1414.141602,1414.141602,480,270
271,2.189252,-1.960929,-5.694661,0.350040,0.027955,-0.933344,0.074556,1414.141602,1414.141602,480,270
272,2.198836,-1.963162,-5.713010,0.359524,0.027825,-0.929939,0.071987,1414.141602,1414.141602,480,270
273,2.208555,-1.965377,-5.731311,0.369169,0.027642,-0.926357,0.069380,1414.141602,1414.141602,480,270
274,2.218399,-1.967575,-5.749557,0.378963,0.027406,-0.922596,0.066736,1414.141602,1414.141602,480,270
275,2.228358,-1.969753,-5.767744,0.388896,0.027113,-0.918652,0.064061,1414.141602,1414.141602,480,270
276,2.238420,-1.971913,-5.785863,0.398960,0.026760,-0.914522,0.061357,1414.141602,1414.141602,480,270
277,2.248576,-1.974052,-5.803913,0.409142,0.026347,-0.910204,0.058628,1414.141602,1414.141602,480,270
278,2.258816,-1.976170,-5.821884,0.419435,0.025871,-0.905695,0.055878,1414.141602,1414.141602,480,270
279,2.269128,-1.978266,-5.839773,0.429826,0.025330,-0.900992,0.053110,1414.141602,1414.141602,480,270
280,2.279502,-1.980340,-5.857574,0.440307,0.024723,-0.896095,0.050329,1414.141602,1414.141602,480,270
281,2.289929,-1.982392,-5.875280,0.450866,0.024048,-0.891000,0.047536,1414.141602,1414.141602,480,270
282,2.300397,-1.984419,-5.892886,0.461494,0.023303,-0.885708,0.044738,1414.141602,1414.141602,480,270
283,2.310897,-1.986422,-5.910387,0.472180,0.022489,-0.880217,0.041936,1414.141602,1414.141602,480,270
284,2.321417,-1.988399,-5.927777,0.482914,0.021604,-0.874526,0.039136,1414.141602,1414.141602,480,270
285,2.331948,-1.990350,-5.945050,0.493685,0.020647,-0.868636,0.036340,1414.141602,1414.141602,480,270
286,2.342478,-1.992275,-5.962200,0.504484,0.019618,-0.862546,0.033553,1414.141602,1414.141602,480,270
287,2.352998,-1.994172,-5.979222,0.515300,0.018516,-0.856257,0.030779,1414.141602,1414.141602,480,270
288,2.363498,-1.996042,-5.996111,0.526124,0.017341,-0.849769,0.028021,1414.141602,1414.141602,480,270
289,2.373966,-1.997882,-6.012860,0.536944,0.016095,-0.843085,0.025282,1414.141602,1414.141602,480,270
290,2.384393,-1.999692,-6.029463,0.547752,0.014775,-0.836206,0.022568,1414.141602,1414.141602,480,270
291,2.394768,-2.001472,-6.045916,0.558538,0.013385,-0.829133,0.019880,1414.141602,1414.141602,480,270
292,2.405080,-2.003222,-6.062213,0.569292,0.011923,-0.821869,0.017224,1414.141602,1414.141602,480,270
293,2.415319,-2.004939,-6.078348,0.580004,0.010391,-0.814417,0.014601,1414.141602,1414.141602,480,270
294,2.425475,-2.006624,-6.094314,0.590665,0.008790,-0.806779,0.012017,1414.141602,1414.141602,480,270
295,2.435538,-2.008276,-6.110106,0.601267,0.007121,-0.798961,0.009473,1414.141602,1414.141602,480,270
296,2.445496,-2.009893,-6.125721,0.611799,0.005387,-0.790964,0.006974,1414.141602,1414.141602,480,270
297,2.455340,-2.011476,-6.141150,0.622254,0.003587,-0.782794,0.004523,1414.141602,1414.141602,480,270
298,2.465060,-2.013023,-6.156389,0.632622,0.001725,-0.774456,0.002122,1414.141602,1414.141602,480,270
299,2.474644,-2.014534,-6.171431,0.642896,-0.000197,-0.765954,-0.000225,1414.141602,1414.141602,480,270
300,2.484082,-2.016009,-6.186272,0.653067,-0.002178,-0.757293,-0.002516,1414.141602,1414.141602,480,270
301,2.493365,-2.017446,-6.200905,0.663128,-0.004215,-0.748479,-0.004748,1414.141602,1414.141602,480,270
302,2.502481,-2.018844,-6.215326,0.673070,-0.006305,-0.739519,-0.006918,1414.141602,1414.141602,480,270
303,2.511420,-2.020204,-6.229526,0.682888,-0.008446,-0.730419,-0.009025,1414.141602,1414.141602,480,270
304,2.520171,-2.021523,-6.243503,0.692573,-0.010635,-0.721184,-0.011065,1414.141602,1414.141602,480,270
305,2.528726,-2.022802,-6.257250,0.702120,-0.012869,-0.711823,-0.013038,1414.141602,1414.141602,480,270
306,2.537072,-2.024040,-6.270761,0.711521,-0.015144,-0.702343,-0.014940,1414.141602,1414.141602,480,270
307,2.545199,-2.025236,-6.284030,0.720771,-0.017458,-0.692751,-0.016770,1414.141602,1414.141602,480,270
308,2.553098,-2.026389,-6.297053,0.729864,-0.019807,-0.683054,-0.018528,1414.141602,1414.141602,480,270
309,2.560758,-2.027498,-6.309822,0.738795,-0.022187,-0.673262,-0.020210,1414.141602,1414.141602,480,270
310,2.568168,-2.028564,-6.322334,0.747559,-0.024595,-0.663382,-0.021817,1414.141602,1414.141602,480,270
311,2.575318,-2.029584,-6.334580,0.756151,-0.027028,-0.653422,-0.023348,1414.141602,1414.141602,480,270
312,2.582197,-2.030560,-6.346558,0.764566,-0.029481,-0.643393,-0.024800,1414.141602,1414.141602,480,270
313,2.588796,-2.031488,-6.358260,0.772802,-0.031951,-0.633302,-0.026175,1414.141602,1414.141602,480,270
314,2.595103,-2.032370,-6.369680,0.780854,-0.034433,-0.623159,-0.027471,1414.141602,1414.141602,480,270
315,2.601109,-2.033204,-6.380814,0.788719,-0.036924,-0.612972,-0.028689,1414.141602,1414.141602,480,270
316,2.606802,-2.033989,-6.391656,0.796395,-0.039421,-0.602753,-0.029828,1414.141602,1414.141602,480,270
317,2.612173,-2.034725,-6.402200,0.803879,-0.041917,-0.592510,-0.030888,1414.141602,1414.141602,480,270
318,2.617211,-2.035411,-6.412439,0.811168,-0.044411,-0.582252,-0.031870,1414.141602,1414.141602,480,270
319,2.621907,-2.036047,-6.422369,0.818262,-0.046897,-0.571991,-0.032775,1414.141602,1414.141602,480,270
320,2.626248,-2.036631,-6.431985,0.825159,-0.049372,-0.561735,-0.033603,1414.141602,1414.141602,480,270
321,2.630224,-2.037162,-6.441278,0.831857,-0.051832,-0.551496,-0.034355,1414.141602,1414.141602,480,270
322,2.633827,-2.037641,-6.450246,0.838356,-0.054272,-0.541282,-0.035033,1414.141602,1414.141602,480,270
323,2.637045,-2.038067,-6.458882,0.844656,-0.056688,-0.531105,-0.035637,1414.141602,1414.141602,480,270
324,2.639868,-2.038438,-6.467179,0.850758,-0.059077,-0.520974,-0.036169,1414.141602,1414.141602,480,270
325,2.642284,-2.038754,-6.475135,0.856660,-0.061434,-0.510899,-0.036631,1414.141602,1414.141602,480,270
326,2.644285,-2.039014,-6.482740,0.862364,-0.063756,-0.500892,-0.037024,1414.141602,1414.141602,480,270
327,2.645860,-2.039218,-6.489991,0.867871,-0.066038,-0.490962,-0.037351,1414.141602,1414.141602,480,270
328,2.646997,-2.039365,-6.496881,0.873183,-0.068277,-0.481119,-0.037613,1414.141602,1414.141602,480,270
329,2.647687,-2.039453,-6.503406,0.878300,-0.070469,-0.471374,-0.037813,1414.141602,1414.141602,480,270
330,2.647919,-2.039483,-6.509558,0.883225,-0.072610,-0.461737,-0.037952,1414.141602,1414.141602,480,270
331,2.647505,-2.039483,-6.515436,0.888105,-0.074744,-0.451926,-0.038028,1414.141602,1414.141602,480,270
332,2.646281,-2.039484,-6.521143,0.893069,-0.076916,-0.441662,-0.038031,1414.141602,1414.141602,480,270
333,2.644274,-2.039484,-6.526680,0.898094,-0.079123,-0.430959,-0.037961,1414.141602,1414.141602,480,270
334,2.641513,-2.039484,-6.532052,0.903157,-0.081363,-0.419831,-0.037814,1414.141602,1414.141602,480,270
335,2.638026,-2.039484,-6.537259,0.908233,-0.083631,-0.408295,-0.037589,1414.141602,1414.141602,480,270
336,2.633840,-2.039484,-6.542305,0.913302,-0.085925,-0.396366,-0.037284,1414.141602,1414.141602,480,270
337,2.628983,-2.039485,-6.547191,0.918341,-0.088242,-0.384060,-0.036897,1414.141602,1414.141602,480,270
338,2.623485,-2.039485,-6.551920,0.923328,-0.090577,-0.371396,-0.036427,1414.141602,1414.141602,480,270
339,2.617372,-2.039485,-6.556497,0.928242,-0.092927,-0.358390,-0.035872,1414.141602,1414.141602,480,270
340,2.610672,-2.039485,-6.560921,0.933065,-0.095289,-0.345062,-0.035233,1414.141602,1414.141602,480,270
341,2.603413,-2.039485,-6.565196,0.937777,-0.097657,-0.331431,-0.034507,1414.141602,1414.141602,480,270
342,2.595624,-2.039486,-6.569325,0.942360,-0.100029,-0.317517,-0.033697,1414.141602,1414.141602,480,270
343,2.587332,-2.039486,-6.573308,0.946797,-0.102399,-0.303339,-0.032801,1414.141602,1414.141602,480,270
344,2.578564,-2.039486,-6.577151,0.951071,-0.104765,-0.288920,-0.031819,1414.141602,1414.141602,480,270
345,2.569350,-2.039486,-6.580855,0.955170,-0.107121,-0.274282,-0.030754,1414.141602,1414.141602,480,270
346,2.559717,-2.039486,-6.584422,0.959077,-0.109464,-0.259445,-0.029605,1414.141602,1414.141602,480,270
347,2.549693,-2.039487,-6.587854,0.962782,-0.111789,-0.244434,-0.028375,1414.141602,1414.141602,480,270
348,2.539305,-2.039487,-6.591155,0.966274,-0.114092,-0.229272,-0.027065,1414.141602,1414.141602,480,270
349,2.528583,-2.039487,-6.594327,0.969541,-0.116369,-0.213982,-0.025677,1414.141602,1414.141602,480,270
350,2.517553,-2.039487,-6.597372,0.972577,-0.118617,-0.198589,-0.024214,1414.141602,1414.141602,480,270
351,2.506243,-2.039487,-6.600293,0.975373,-0.120831,-0.183118,-0.022679,1414.141602,1414.141602,480,270
352,2.494683,-2.039487,-6.603091,0.977925,-0.123007,-0.167592,-0.021074,1414.141602,1414.141602,480,270
353,2.482898,-2.039487,-6.605772,0.980228,-0.125143,-0.152038,-0.019404,1414.141602,1414.141602,480,270
354,2.470919,-2.039488,-6.608334,0.982279,-0.127234,-0.136480,-0.017672,1414.141602,1414.141602,480,270
355,2.458771,-2.039488,-6.610782,0.984077,-0.129277,-0.120945,-0.015882,1414.141602,1414.141602,480,270
356,2.446484,-2.039488,-6.613119,0.985622,-0.131269,-0.105456,-0.014039,1414.141602,1414.141602,480,270
357,2.434086,-2.039488,-6.615346,0.986915,-0.133207,-0.090041,-0.012147,1414.141602,1414.141602,480,270
358,2.421603,-2.039488,-6.617466,0.987959,-0.135090,-0.074725,-0.010211,1414.141602,1414.141602,480,270
359,2.409065,-2.039488,-6.619483,0.988758,-0.136913,-0.059532,-0.008237,1414.141602,1414.141602,480,270
360,2.396498,-2.039488,-6.621397,0.989318,-0.138676,-0.044488,-0.006230,1414.141602,1414.141602,480,270
361,2.383932,-2.039488,-6.623211,0.989646,-0.140375,-0.029619,-0.004195,1414.141602,1414.141602,480,270
362,2.371393,-2.039488,-6.624929,0.989750,-0.142011,-0.014949,-0.002139,1414.141602,1414.141602,480,270
363,2.358911,-2.039489,-6.626552,0.989639,-0.143581,-0.000503,-0.000067,1414.141602,1414.141602,480,270
364,2.346512,-2.039489,-6.628084,0.989323,-0.145083,0.013695,0.002015,1414.141602,1414.141602,480,270
365,2.334225,-2.039489,-6.629526,0.988814,-0.146519,0.027622,0.004099,1414.141602,1414.141602,480,270
366,2.322078,-2.039489,-6.630880,0.988124,-0.147886,0.041252,0.006180,1414.141602,1414.141602,480,270
367,2.310098,-2.039489,-6.632151,0.987268,-0.149184,0.054565,0.008251,1414.141602,1414.141602,480,270
368,2.298314,-2.039489,-6.633339,0.986260,-0.150415,0.067535,0.010306,1414.141602,1414.141602,480,270
369,2.286753,-2.039489,-6.634448,0.985114,-0.151577,0.080142,0.012337,1414.141602,1414.141602,480,270
370,2.275444,-2.039489,-6.635480,0.983847,-0.152671,0.092363,0.014339,1414.141602,1414.141602,480,270
371,2.264414,-2.039489,-6.636437,0.982476,-0.153699,0.104177,0.016304,1414.141602,1414.141602,480,270
372,2.253691,-2.039489,-6.637322,0.981017,-0.154660,0.115562,0.018225,1414.141602,1414.141602,480,270
373,2.243304,-2.039489,-6.638138,0.979488,-0.155556,0.126499,0.020096,1414.141602,1414.141602,480,270
374,2.233279,-2.039489,-6.638886,0.977907,-0.156389,0.136967,0.021910,1414.141602,1414.141602,480,270
375,2.223646,-2.039489,-6.639571,0.976293,-0.157159,0.146946,0.023661,1414.141602,1414.141602,480,270
376,2.214432,-2.039489,-6.640192,0.974664,-0.157869,0.156416,0.025342,1414.141602,1414.141602,480,270
377,2.205665,-2.039489,-6.640754,0.973037,-0.158520,0.165359,0.026945,1414.141602,1414.141602,480,270
378,2.197373,-2.039489,-6.641259,0.971433,-0.159113,0.173756,0.028466,1414.141602,1414.141602,480,270
379,2.189583,-2.039489,-6.641709,0.969868,-0.159651,0.181587,0.029898,1414.141602,1414.141602,480,270
380,2.182324,-2.039489,-6.642107,0.968361,-0.160135,0.188834,0.031233,1414.141602,1414.141602,480,270
381,2.175625,-2.039489,-6.642456,0.966929,-0.160567,0.195480,0.032467,1414.141602,1414.141602,480,270
382,2.169511,-2.039489,-6.642757,0.965589,-0.160948,0.201505,0.033594,1414.141602,1414.141602,480,270
383,2.164013,-2.039489,-6.643013,0.964358,-0.161281,0.206892,0.034607,1414.141602,1414.141602,480,270
384,2.159157,-2.039489,-6.643228,0.963251,-0.161567,0.211622,0.035502,1414.141602,1414.141602,480,270
385,2.154971,-2.039489,-6.643402,0.962282,-0.161807,0.215676,0.036272,1414.141602,1414.141602,480,270
386,2.151484,-2.039489,-6.643539,0.961465,-0.162002,0.219037,0.036913,1414.141602,1414.141602,480,270
387,2.148723,-2.039489,-6.643642,0.960813,-0.162153,0.221684,0.037419,1414.141602,1414.141602,480,270
388,2.146716,-2.039489,-6.643711,0.960337,-0.162260,0.223600,0.037786,1414.141602,1414.141602,480,270
389,2.145491,-2.039489,-6.643752,0.960045,-0.162325,0.224764,0.038010,1414.141602,1414.141602,480,270
390,2.145077,-2.039489,-6.643764,0.959947,-0.162347,0.225157,0.038085,1414.141602,1414.141602,480,270
391,2.145028,-2.039316,-6.643131,0.959945,-0.162349,0.225160,0.038086,1414.141602,1414.141602,480,270
392,2.144888,-2.038805,-6.641260,0.959942,-0.162355,0.225168,0.038089,1414.141602,1414.141602,480,270
393,2.144673,-2.037967,-6.638193,0.959937,-0.162365,0.225182,0.038094,1414.141602,1414.141602,480,270
394,2.144395,-2.036814,-6.633973,0.959931,-0.162378,0.225200,0.038100,1414.141602,1414.141602,480,270
395,2.144069,-2.035357,-6.628643,0.959923,-0.162393,0.225220,0.038108,1414.141602,1414.141602,480,270
396,2.143708,-2.033610,-6.622245,0.959914,-0.162410,0.225243,0.038116,1414.141602,1414.141602,480,270
397,2.143326,-2.031582,-6.614823,0.959905,-0.162428,0.225267,0.038124,1414.141602,1414.141602,480,270
398,2.142936,-2.029285,-6.606419,0.959896,-0.162446,0.225292,0.038133,1414.141602,1414.141602,480,270
399,2.142553,-2.026732,-6.597075,0.959887,-0.162463,0.225316,0.038142,1414.141602,1414.141602,480,270
400,2.142191,-2.023934,-6.586836,0.959879,-0.162480,0.225339,0.038150,1414.141602,1414.141602,480,270
401,2.141862,-2.020903,-6.575741,0.959871,-0.162495,0.225360,0.038157,1414.141602,1414.141602,480,270
402,2.141581,-2.017650,-6.563836,0.959864,-0.162508,0.225378,0.038164,1414.141602,1414.141602,480,270
403,2.141362,-2.014187,-6.551162,0.959859,-0.162518,0.225392,0.038169,1414.141602,1414.141602,480,270
404,2.141218,-2.010526,-6.537762,0.959856,-0.162525,0.225401,0.038172,1414.141602,1414.141602,480,270
405,2.141163,-2.006678,-6.523680,0.959854,-0.162528,0.225404,0.038173,1414.141602,1414.141602,480,270
406,2.141211,-2.002655,-6.508957,0.959856,-0.162525,0.225401,0.038172,1414.141602,1414.141602,480,270
407,2.141376,-1.998469,-6.493636,0.959859,-0.162518,0.225391,0.038168,1414.141602,1414.141602,480,270
408,2.141670,-1.994131,-6.477759,0.959866,-0.162504,0.225372,0.038162,1414.141602,1414.141602,480,270
409,2.142109,-1.989653,-6.461371,0.959877,-0.162484,0.225344,0.038152,1414.141602,1414.141602,480,270
410,2.142706,-1.985047,-6.444513,0.959891,-0.162456,0.225307,0.038138,1414.141602,1414.141602,480,270
411,2.143475,-1.980324,-6.427227,0.959909,-0.162421,0.225258,0.038121,1414.141602,1414.141602,480,270
412,2.144428,-1.975496,-6.409559,0.959931,-0.162377,0.225198,0.038100,1414.141602,1414.141602,480,270
413,2.145581,-1.970575,-6.391548,0.959959,-0.162323,0.225125,0.038074,1414.141602,1414.141602,480,270
414,2.146947,-1.965572,-6.373238,0.959991,-0.162260,0.225038,0.038043,1414.141602,1414.141602,480,270
415,2.148540,-1.960499,-6.354672,0.960028,-0.162187,0.224937,0.038007,1414.141602,1414.141602,480,270
416,2.150373,-1.955367,-6.335892,0.960071,-0.162102,0.224821,0.037966,1414.141602,1414.141602,480,270
417,2.152460,-1.950189,-6.316942,0.960120,-0.162005,0.224689,0.037919,1414.141602,1414.141602,480,270
418,2.154815,-1.944976,-6.297863,0.960176,-0.161896,0.224540,0.037867,1414.141602,1414.141602,480,270
419,2.157452,-1.939740,-6.278700,0.960238,-0.161774,0.224373,0.037807,1414.141602,1414.141602,480,270
420,2.160384,-1.934492,-6.259493,0.960306,-0.161639,0.224188,0.037742,1414.141602,1414.141602,480,270
421,2.163626,-1.929244,-6.240287,0.960382,-0.161489,0.223983,0.037669,1414.141602,1414.141602,480,270
422,2.167191,-1.924007,-6.221124,0.960466,-0.161324,0.223757,0.037590,1414.141602,1414.141602,480,270
423,2.171092,-1.918794,-6.202044,0.960557,-0.161143,0.223510,0.037503,1414.141602,1414.141602,480,270
424,2.175344,-1.913616,-6.183095,0.960656,-0.160946,0.223240,0.037408,1414.141602,1414.141602,480,270
425,2.179960,-1.908484,-6.164315,0.960764,-0.160732,0.222948,0.037305,1414.141602,1414.141602,480,270
426,2.184954,-1.903411,-6.145750,0.960881,-0.160501,0.222632,0.037194,1414.141602,1414.141602,480,270
427,2.190341,-1.898408,-6.127439,0.961006,-0.160251,0.222290,0.037074,1414.141602,1414.141602,480,270
428,2.196132,-1.893486,-6.109429,0.961140,-0.159983,0.221923,0.036946,1414.141602,1414.141602,480,270
429,2.202343,-1.888658,-6.091760,0.961284,-0.159695,0.221529,0.036808,1414.141602,1414.141602,480,270
430,2.208987,-1.883934,-6.074474,0.961438,-0.159386,0.221108,0.036662,1414.141602,1414.141602,480,270
431,2.216078,-1.879328,-6.057616,0.961602,-0.159057,0.220658,0.036505,1414.141602,1414.141602,480,270
432,2.223630,-1.874849,-6.041228,0.961776,-0.158706,0.220179,0.036339,1414.141602,1414.141602,480,270
433,2.231656,-1.870511,-6.025352,0.961961,-0.158334,0.219669,0.036163,1414.141602,1414.141602,480,270
434,2.240170,-1.866324,-6.010031,0.962156,-0.157938,0.219128,0.035976,1414.141602,1414.141602,480,270
435,2.249186,-1.862300,-5.995307,0.962362,-0.157519,0.218555,0.035780,1414.141602,1414.141602,480,270
436,2.258718,-1.858452,-5.981225,0.962580,-0.157075,0.217950,0.035572,1414.141602,1414.141602,480,270
437,2.268779,-1.854790,-5.967825,0.962809,-0.156607,0.217310,0.035353,1414.141602,1414.141602,480,270
438,2.279383,-1.851326,-5.955151,0.963049,-0.156113,0.216635,0.035124,1414.141602,1414.141602,480,270
439,2.290544,-1.848072,-5.943246,0.963302,-0.155593,0.215925,0.034883,1414.141602,1414.141602,480,270
440,2.302276,-1.845040,-5.932151,0.963566,-0.155045,0.215178,0.034630,1414.141602,1414.141602,480,270
441,2.314592,-1.842241,-5.921912,0.963843,-0.154471,0.214394,0.034366,1414.141602,1414.141602,480,270
442,2.327507,-1.839687,-5.912568,0.964132,-0.153868,0.213570,0.034091,1414.141602,1414.141602,480,270
443,2.341033,-1.837390,-5.904164,0.964433,-0.153235,0.212708,0.033803,1414.141602,1414.141602,480,270
444,2.355186,-1.835361,-5.896742,0.964747,-0.152573,0.211805,0.033503,1414.141602,1414.141602,480,270
445,2.369977,-1.833612,-5.890345,0.965074,-0.151881,0.210861,0.033191,1414.141602,1414.141602,480,270
446,2.385423,-1.832154,-5.885015,0.965414,-0.151157,0.209874,0.032867,1414.141602,1414.141602,480,270
447,2.401535,-1.831000,-5.880795,0.965767,-0.150402,0.208844,0.032531,1414.141602,1414.141602,480,270
448,2.418328,-1.830161,-5.877727,0.966132,-0.149614,0.207770,0.032182,1414.141602,1414.141602,480,270
449,2.435816,-1.829648,-5.875855,0.966511,-0.148792,0.206651,0.031820,1414.141602,1414.141602,480,270
450,2.454011,-1.829474,-5.875223,0.966903,-0.147937,0.205485,0.031446,1414.141602,1414.141602,480,270
451,2.473917,-1.829472,-5.875298,0.967374,-0.146999,0.204003,0.031006,1414.141602,1414.141602,480,270
452,2.496442,-1.829471,-5.875520,0.967983,-0.145934,0.201951,0.030453,1414.141602,1414.141602,480,270
453,2.521466,-1.829470,-5.875883,0.968721,-0.144747,0.199352,0.029794,1414.141602,1414.141602,480,270
454,2.548867,-1.829469,-5.876380,0.969575,-0.143442,0.196228,0.029037,1414.141602,1414.141602,480,270
455,2.578523,-1.829468,-5.877007,0.970536,-0.142023,0.192602,0.028191,1414.141602,1414.141602,480,270
456,2.610311,-1.829466,-5.877756,0.971590,-0.140496,0.188496,0.027264,1414.141602,1414.141602,480,270
457,2.644111,-1.829465,-5.878621,0.972726,-0.138863,0.183934,0.026264,1414.141602,1414.141602,480,270
458,2.679800,-1.829465,-5.879598,0.973931,-0.137130,0.178937,0.025201,1414.141602,1414.141602,480,270
459,2.717257,-1.829464,-5.880679,0.975193,-0.135301,0.173529,0.024082,1414.141602,1414.141602,480,270
460,2.756360,-1.829463,-5.881859,0.976499,-0.133380,0.167731,0.022917,1414.141602,1414.141602,480,270
461,2.796986,-1.829462,-5.883132,0.977837,-0.131372,0.161568,0.021713,1414.141602,1414.141602,480,270
462,2.839015,-1.829461,-5.884491,0.979195,-0.129282,0.155061,0.020479,1414.141602,1414.141602,480,270
463,2.882325,-1.829460,-5.885932,0.980560,-0.127115,0.148235,0.019223,1414.141602,1414.141602,480,270
464,2.926793,-1.829460,-5.887447,0.981922,-0.124876,0.141113,0.017953,1414.141602,1414.141602,480,270
465,2.972298,-1.829459,-5.889031,0.983269,-0.122569,0.133719,0.016675,1414.141602,1414.141602,480,270
466,3.018718,-1.829458,-5.890678,0.984591,-0.120201,0.126076,0.015398,1414.141602,1414.141602,480,270
467,3.065931,-1.829458,-5.892383,0.985878,-0.117778,0.118209,0.014128,1414.141602,1414.141602,480,270
468,3.113816,-1.829457,-5.894137,0.987121,-0.115304,0.110142,0.012872,1414.141602,1414.141602,480,270
469,3.162251,-1.829456,-5.895937,0.988312,-0.112787,0.101900,0.011636,1414.141602,1414.141602,480,270
470,3.211113,-1.829456,-5.897776,0.989443,-0.110233,0.093507,0.010424,1414.141602,1414.141602,480,270
471,3.260282,-1.829455,-5.899647,0.990507,-0.107648,0.084990,0.009243,1414.141602,1414.141602,480,270
472,3.309634,-1.829455,-5.901546,0.991498,-0.105038,0.076373,0.008098,1414.141602,1414.141602,480,270
473,3.359049,-1.829454,-5.903465,0.992412,-0.102412,0.067681,0.006991,1414.141602,1414.141602,480,270
474,3.408405,-1.829454,-5.905400,0.993245,-0.099775,0.058941,0.005927,1414.141602,1414.141602,480,270
475,3.457580,-1.829454,-5.907343,0.993993,-0.097135,0.050178,0.004910,1414.141602,1414.141602,480,270
476,3.506452,-1.829453,-5.909290,0.994655,-0.094499,0.041418,0.003942,1414.141602,1414.141602,480,270
477,3.554899,-1.829453,-5.911233,0.995229,-0.091876,0.032687,0.003024,1414.141602,1414.141602,480,270
478,3.602799,-1.829453,-5.913168,0.995716,-0.089271,0.024012,0.002159,1414.141602,1414.141602,480,270
479,3.650031,-1.829453,-5.915087,0.996115,-0.086693,0.015417,0.001348,1414.141602,1414.141602,480,270
480,3.696474,-1.829452,-5.916986,0.996429,-0.084149,0.006930,0.000592,1414.141602,1414.141602,480,270
481,3.742004,-1.829452,-5.918857,0.996660,-0.081648,-0.001424,-0.000110,1414.141602,1414.141602,480,270
482,3.786500,-1.829452,-5.920696,0.996812,-0.079196,-0.009618,-0.000757,1414.141602,1414.141602,480,270
483,3.829841,-1.829452,-5.922497,0.996890,-0.076802,-0.017627,-0.001351,1414.141602,1414.141602,480,270
484,3.871905,-1.829452,-5.924251,0.996897,-0.074473,-0.025424,-0.001893,1414.141602,1414.141602,480,270
485,3.912570,-1.829452,-5.925955,0.996841,-0.072217,-0.032984,-0.002383,1414.141602,1414.141602,480,270
486,3.951714,-1.829451,-5.927602,0.996727,-0.070041,-0.040281,-0.002824,1414.141602,1414.141602,480,270
487,3.989214,-1.829451,-5.929186,0.996562,-0.067953,-0.047289,-0.003218,1414.141602,1414.141602,480,270
488,4.024951,-1.829451,-5.930702,0.996354,-0.065961,-0.053983,-0.003567,1414.141602,1414.141602,480,270
489,4.058801,-1.829451,-5.932142,0.996112,-0.064072,-0.060338,-0.003874,1414.141602,1414.141602,480,270
490,4.090643,-1.829451,-5.933502,0.995843,-0.062292,-0.066327,-0.004142,1414.141602,1414.141602,480,270
491,4.120356,-1.829451,-5.934775,0.995556,-0.060631,-0.071926,-0.004374,1414.141602,1414.141602,480,270
492,4.147816,-1.829451,-5.935955,0.995259,-0.059094,-0.077110,-0.004572,1414.141602,1414.141602,480,270
493,4.172904,-1.829451,-5.937036,0.994962,-0.057689,-0.081854,-0.004739,1414.141602,1414.141602,480,270
494,4.195496,-1.829451,-5.938013,0.994673,-0.056424,-0.086132,-0.004879,1414.141602,1414.141602,480,270
495,4.215470,-1.829451,-5.938878,0.994400,-0.055304,-0.089921,-0.004994,1414.141602,1414.141602,480,270
496,4.232706,-1.829451,-5.939627,0.994151,-0.054338,-0.093195,-0.005087,1414.141602,1414.141602,480,270
497,4.247081,-1.829451,-5.940253,0.993934,-0.053532,-0.095929,-0.005160,1414.141602,1414.141602,480,270
498,4.258474,-1.829451,-5.940751,0.993756,-0.052893,-0.098099,-0.005215,1414.141602,1414.141602,480,270
499,4.266762,-1.829451,-5.941114,0.993623,-0.052428,-0.099680,-0.005253,1414.141602,1414.141602,480,270
500,4.271825,-1.829451,-5.941336,0.993541,-0.052144,-0.100647,-0.005275,1414.141602,1414.141602,480,270
